City;Position
Москва; [55.755864,37.617698]
Санкт-Петербург; [59.938784,30.314997]
Новосибирск; [55.030204,82.92043]
Екатеринбург; [56.838011,60.597474]
Нижний Новгород; [56.326797,44.006516]
Казань; [55.796127,49.106414]
Красноярск; [56.010543,92.852581]
Волгоград; [48.707067,44.516975]
Ростов-на-Дону; [47.222109,39.718813]
Самара; [53.195878,50.100202]
Челябинск; [55.159902,61.402554]
Воронеж; [51.660781,39.200296]
Омск; [54.989347,73.368221]
Уфа; [54.735152,55.958736]